
{
  "id": "discord-speaking-status",
  "name": "discord-speaking-status",
  "title": "Discord Speaking Status",
  "description": "Indicates who is speaking in a Discord Voice Channel",
  "authors": [{"name":"Xaukael"}],
  "version": "1.0.0",
	"socket": true,
  "compatibility": {
      "minimum": "10",
      "verified": "10"
    },
  "scripts": ["discord-speaking-status.js"],
  "relationships": {
  "requires": []
  },
  "url": "https://github.com/xaukael/discord-speaking-status/",
  "manifest": "https://github.com/xaukael/discord-speaking-status/raw/main/module.json",
  "download": "https://github.com/xaukael/discord-speaking-status/raw/main/discord-speaking-status.zip"
}